"Twilio Notifications","Twilio Notifications"
"API","API"
"SID","SID"
"Token","Token"
"Record calls ?","Record calls ?"
"Notifications","Notifications"
"Twilio From Number","Twilio From Number"
"Run TwiML on New Order","Run TwiML on New Order"
"Order  TwiML","Order  TwiML"
"Run TwiML on New Invoice","Run TwiML on New Invoice"
"Invoice TwiML","Invoice TwiML"
"Run TwiML on New Shipment","Run TwiML on New Shipment"
"Shipment TwiML","Shipment TwiML"
"All Statuses","All Statuses"
"Status","Status"
"All Types","All Types"
"Type","Type"
"ID","ID"
"Increment ID","Increment ID"
"Number","Number"
"Markup","Markup"
"API Response","API Response"
"Created at","Created at"
"Processed at","Processed at"